facility_id,avg_midnight_before,convicted_rate_before,female_rate_before,active_days_before,avg_midnight_after,convicted_rate_after,female_rate_after,active_days_after
ABIRJVA,,,,,10.4839,0.4691,0.0169,59.0
ABQHOLD,1.1688,0.6302,0.0314,221.0,2.0204,0.327,0.037,310.0
ABRXSPA,1.0,1.0,0.0,2.0,4.7674,0.0227,0.0,44.0
ADAMSMS,1342.5534,0.0115,0.0,842.0,2159.0361,0.0693,0.0,415.0
ADDCOVT,,,,,,0.5,0.0,2.0
ADLNTCA,9.2933,0.9831,0.0638,842.0,1196.4386,0.5833,0.0886,415.0
AFRC,,,,,,0.5,0.0,1.0
AGAHOLD,1.0,1.0,0.0,30.0,1.0,0.1786,0.4286,7.0
AGC,,,,,14.0215,0.1509,0.0109,137.0
AKANVIL,,,,,1.0,0.0,0.0,4.0
AKCOOKI,1.0,1.0,0.0,6.0,1.0,1.0,0.0,4.0
AKFAIRB,1.0,1.0,0.0,5.0,1.0,0.5,0.25,8.0
AKGSCCC,1.0,1.0,0.0,6.0,,,,
AKHIGHL,1.0,0.3571,1.0,14.0,1.1842,0.1,1.0,50.0
AKKETCH,,,,,1.0,0.0,0.0,3.0
AKLEMON,1.0,1.0,0.0,2.0,1.0,0.0625,0.0,16.0
AKMATSU,,,,,1.0,0.2727,0.0,11.0
ALAMCNC,19.1914,0.8225,0.0089,842.0,24.8361,0.4951,0.044,300.0
ALAMOTX,,,,,7.5,0.2143,0.0476,6.0
ALBHOLD,1.3333,0.5884,0.012,83.0,1.9412,0.1518,0.1413,195.0
ALEXAVA,,1.0,0.0,1.0,1.0,0.4857,0.0,35.0
ALHAMCA,,0.0,0.0,1.0,,,,
ALLEGNY,,,,,8.2174,0.0659,0.9285,372.0
ALLEGVA,,,,,1.0,0.6667,0.0,3.0
ALMHOLD,,1.0,0.0,1.0,1.2857,0.5323,0.081,45.0
AMHERVA,,,,,1.0,0.3636,0.0,11.0
AMTHOLD,1.0,0.6839,0.0341,443.0,3.0,0.4244,0.0502,303.0
ANCHOAK,1.1059,0.8151,0.0,119.0,4.7903,0.3706,0.0,336.0
ANCHOLD,,1.0,0.0,1.0,3.0,0.0286,0.3976,7.0
ANDERSC,,1.0,0.0,1.0,,,,
APPSCLA,125.5131,0.1511,0.0,842.0,155.6675,0.3388,0.0014,415.0
ARAPACO,,,,,,0.5,0.0,2.0
ARTESNM,,0.0,1.0,1.0,,,,
ATLANGA,,1.0,0.0,2.0,1.0,0.5,0.0,6.0
ATLHOLD,1.0614,0.6037,0.1121,672.0,36.7488,0.3657,0.0953,414.0
ATTHOLD,1.1111,0.9677,0.0363,124.0,,0.1429,0.4,5.0
AURORCO,,1.0,0.0,1.0,,,,
AUSHOLD,1.0844,0.6033,0.0336,664.0,1.8544,0.4326,0.0681,411.0
AZSPPER,,,,,,0.0,0.0,1.0
AZSVCPC,,,,,,1.0,0.0,15.0
BAKERFL,210.0344,0.7669,0.1079,842.0,264.8265,0.5145,0.3098,415.0
BALDWAL,2.436,0.4518,0.0313,621.0,16.1458,0.1793,0.0657,199.0
BALHOLD,1.3636,0.7418,0.0764,495.0,51.5553,0.3027,0.1423,414.0
BARTOGA,,1.0,0.0,1.0,,,,
BASILLA,651.7625,0.1199,0.9981,842.0,915.2578,0.1671,0.9981,415.0
BAYCOFL,,,,,2.6667,0.3958,0.4167,8.0
BCORCPA,40.9604,0.0001,0.9999,102.0,,,,
BEAVRPA,2.1308,0.9508,0.1443,140.0,,,,
BEDCITX,1.0,1.0,0.0,842.0,1.0,0.9988,0.0,415.0
BELCOTX,1.5683,0.5977,0.05,232.0,1.6881,0.3483,0.0702,175.0
BELMOOH,,1.0,0.0,1.0,,,,
BERGENJ,1.0,0.0,0.0,40.0,,,,
BERNANM,,,,,,0.5,0.0,2.0
BHMHOLD,1.0,0.2778,0.3037,36.0,4.0,0.245,0.1593,253.0
BIINCCO,,0.0,0.5,1.0,1.0,0.2012,0.315,41.0
BILHOLD,,1.0,0.0,2.0,,0.0,0.25,2.0
BKLHOLD,1.8072,0.8383,0.0124,531.0,2.7008,0.4343,0.0832,358.0
BLBNATX,613.0534,0.3456,0.1308,842.0,1031.4337,0.3346,0.1005,415.0
BLGHOLD,,0.9083,0.0833,12.0,,0.5,0.0,2.0
BLHHOLD,,0.5,0.0,2.0,,,,
BLOJVTN,,,,,1.0,0.0,0.0,82.0
BOIHOLD,,0.8838,0.0167,180.0,30.0,0.6648,0.0243,234.0
BOONEKY,121.4525,0.7888,0.0219,842.0,189.7928,0.6062,0.0253,415.0
BOPALM,,1.0,0.0,1.0,,,,
BOPATL,,,,,122.1713,0.4339,0.0,397.0
BOPBER,,,,,213.1078,0.2237,0.0003,371.0
BOPBRO,,,,,116.2803,0.2523,0.0,264.0
BOPCAA,,,,,,1.0,0.0,4.0
BOPCNV,,0.0263,0.6114,38.0,1.0,0.2778,0.3519,9.0
BOPDAL,1.0,1.0,0.0,2.0,,,,
BOPDEV,,,,,,0.0,0.0,1.0
BOPGUA,5.5865,0.7971,0.0238,821.0,6.027,0.7255,0.0186,39.0
BOPHON,15.304,0.6664,0.1707,842.0,66.4699,0.4019,0.1362,415.0
BOPLAT,,,,,,0.0,0.0,1.0
BOPLEW,,,,,159.2708,0.7233,0.0,48.0
BOPLEX,,,,,,0.3125,0.125,4.0
BOPLOF,1.2222,0.9861,0.0032,350.0,,,,
BOPLOM,,0.9971,0.0172,29.0,,,,
BOPLOS,,0.5,0.0,2.0,1.0,0.8333,0.0,6.0
BOPLVN,,,,,62.0176,0.6791,0.0,397.0
BOPMCR,,1.0,1.0,1.0,,0.0,0.0,1.0
BOPMIA,,,,,2.0,1.0,0.0,2.0
BOPMIM,,,,,393.7531,0.5436,0.0,397.0
BOPMRG,,1.0,0.0,1.0,,,,
BOPOAD,,0.2917,0.0,2.0,1.0,0.0833,0.0,3.0
BOPPET,,1.0,0.0,2.0,,,,
BOPPHL,,,,,92.0378,0.2565,0.0003,397.0
BOPPHX,,0.1667,0.1667,6.0,,0.5,0.0,6.0
BOPPOL,,,,,,0.3333,0.0,3.0
BOPRAE,,,,,,0.0,0.0,1.0
BOPSET,,1.0,0.5,2.0,,0.4,0.6,5.0
BOPSHE,,1.0,0.0,1.0,,,,
BOPSPG,1.3636,1.0,0.0,21.0,1.0,1.0,0.0,11.0
BOPTCN,,0.5,0.25,4.0,,1.0,0.0,1.0
BOPVIM,,1.0,0.0,1.0,,0.0,0.0,1.0
BOSHOLD,1.2955,0.3782,0.1297,367.0,17.2781,0.2385,0.2229,381.0
BOSSRLA,1.0,0.0,0.0,2.0,,,,
BOURBKY,,,,,8.3277,0.4761,0.1019,152.0
BPC,,0.0,0.5,4.0,1.8333,0.0667,0.2667,30.0
BRDFDFL,1.0,0.2262,0.0357,14.0,,0.0,0.0,2.0
BREVDFL,,,,,1.9037,0.1579,0.0432,259.0
BRKHOLD,,0.7941,0.0,17.0,,,,
BROJAFL,1.6596,0.2365,0.1644,69.0,3.1818,0.224,0.1717,380.0
BROKSTX,,,,,26.75,0.2348,0.0021,130.0
BROMMNY,,,,,33.4665,0.0994,0.0118,333.0
BROWNWI,,,,,3.0556,0.4905,0.0,91.0
BRWNSTX,,,,,,0.0,0.0,1.0
BRYANGA,,,,,,0.1667,0.0,2.0
BSAHOLD,3.4375,0.75,0.0372,500.0,33.9751,0.3559,0.0962,409.0
BSCHOLD,,0.9784,0.0,417.0,1.0,0.7796,0.0291,169.0
BTV,450.158,0.5285,0.0,842.0,694.4361,0.294,0.0001,415.0
BUFHOLD,,0.3,0.1,5.0,5.4054,0.0893,0.4438,114.0
BURLEND,,,,,15.7209,0.3016,0.0899,301.0
BURNETX,2.9787,0.7523,0.037,167.0,4.0,0.0,0.0,2.0
BUTLEOH,,,,,312.1595,0.2324,0.0849,370.0
CACFMES,46.1164,1.0,0.0,842.0,246.2819,0.5344,0.0683,415.0
CACHEUT,3.1818,0.9241,0.0,38.0,3.541,0.619,0.0537,73.0
CACTYCA,,,,,1040.7398,0.3252,0.134,196.0
CADESVI,301.0297,0.6039,0.0,842.0,418.1012,0.2109,0.0001,415.0
CALHOMI,104.5261,0.509,0.1082,842.0,168.1711,0.2287,0.1067,415.0
CAMBRPA,,,,,40.2095,0.2482,0.3602,148.0
CAMCOWY,1.0,1.0,0.0,2.0,1.5,0.1803,0.0509,77.0
CAMENCW,,1.0,0.0,2.0,,,,
CAMERTX,,0.0,0.0,1.0,,0.0,0.0,2.0
CARDFVA,219.8753,0.6244,0.0077,842.0,322.653,0.4041,0.0477,415.0
CARJAMN,1.25,0.6615,0.0,32.0,,,,
CARROMD,,,,,1.3333,0.0,0.2,5.0
CASCAMT,2.1272,0.6918,0.0102,255.0,3.3859,0.4495,0.0,253.0
CASPSAC,,,,,,0.0,0.0,1.0
CASSCND,,,,,1.0,0.0,0.0,6.0
CASSCNE,,,,,17.0165,0.5738,0.0767,305.0
CATAHLA,,,,,1.0,0.1111,0.1111,9.0
CBENDTX,6.2067,0.5095,0.1145,820.0,54.799,0.2577,0.1441,415.0
CBPHOLD,,,,,5.4419,0.1521,0.98,50.0
CBPORIL,,,,,1.0,0.2812,0.1693,32.0
CBRRSNC,1.1881,0.9565,0.0243,268.0,1.6184,0.4356,0.1724,101.0
CCADCAZ,,0.0,0.0,3.0,,,,
CCAFLAZ,356.7197,0.677,0.0015,842.0,494.9373,0.5441,0.0007,415.0
CCAHUTX,399.3159,0.3798,0.0,842.0,422.3253,0.4531,0.0,415.0
CCANOOH,,,,,201.6895,0.2538,0.0001,380.0
CCASDCA,1136.8515,0.1842,0.2062,842.0,1380.0386,0.178,0.1828,415.0
CHAHOLD,1.0,0.2548,0.1873,87.0,1.0,0.197,0.1061,22.0
CHARLSC,1.0,0.6667,0.0,6.0,1.0,0.191,0.1173,54.0
CHASEKS,71.2874,0.7431,0.073,842.0,111.2458,0.4322,0.091,415.0
CHAVENM,1.25,0.6726,0.0629,140.0,2.524,0.2058,0.1426,360.0
CHFLDVA,1.0,1.0,0.0,5.0,,0.0,0.5,1.0
CHIHOLD,,0.0352,0.5409,91.0,2.6154,0.1701,0.2482,126.0
CHIPPMI,11.6556,0.4817,0.0,842.0,38.1831,0.2377,0.0,415.0
CHLHOLD,3.0588,0.665,0.0116,369.0,7.5045,0.282,0.0541,366.0
CHMCINY,,0.8871,0.0323,31.0,,0.4545,0.0,11.0
CHMHOLD,,0.0,0.25,4.0,3.6667,0.0291,0.4824,47.0
CHRISKY,,,,,99.8274,0.3096,0.0054,169.0
CHRLTFL,,,,,5.9091,0.4416,0.3889,18.0
CHSHOLD,,,,,1.0,0.25,0.0,4.0
CHSPKVA,,,,,2.3077,0.2378,0.0544,150.0
CHTHMGA,,,,,2.8333,0.0992,0.0,11.0
CHYHOLD,,0.6159,0.0326,87.0,1.0,0.3638,0.0456,106.0
CIBOCNM,139.696,0.037,0.0001,842.0,238.7735,0.1746,0.0,415.0
CIBOLNM,,,,,3.4,0.3059,0.0,11.0
CINHOLD,,0.0,0.35,5.0,1.0,0.1667,0.8333,12.0
CIPHOLD,1.0,0.3741,0.1788,404.0,6.9495,0.3826,0.0785,294.0
CITRUFL,,1.0,0.0,1.0,1.0,0.0,0.0,3.0
CLARKIN,,,,,79.2716,0.2634,0.6981,335.0
CLAYCIN,73.8432,0.6668,0.0324,842.0,249.2458,0.422,0.0274,415.0
CLEHOLD,1.0,0.9231,0.0769,13.0,4.4444,0.1617,0.3111,46.0
CLICONY,2.878,0.6016,0.3732,737.0,5.5504,0.1288,0.6646,411.0
CLINTIN,,,,,26.09,0.3945,0.2071,289.0
CLINTPA,57.9038,0.9449,0.0271,842.0,85.7108,0.6685,0.1081,415.0
CLMHOLD,1.0,0.275,0.3567,20.0,1.0,0.1469,0.087,68.0
CLTHOLD,1.5455,0.7485,0.0472,445.0,15.4566,0.3962,0.0698,388.0
CMDHOLD,,0.6471,0.2941,17.0,1.3333,0.0,0.0,6.0
CNGHOLD,,0.7603,0.049,266.0,1.2,0.4954,0.072,339.0
COAHOLD,3.5714,0.8734,0.0,168.0,1.3462,0.4453,0.0088,237.0
COBBJGA,1.4043,0.6839,0.0431,418.0,1.7778,0.3182,0.0,11.0
COCONAZ,,,,,,0.8889,0.0,1.0
COLLIFL,8.7506,0.6359,0.0379,840.0,28.7108,0.4903,0.1103,415.0
COLUMFL,1.0,0.8143,0.1429,14.0,1.0,0.75,0.0,4.0
CPBDCKY,,,,,114.4088,0.3074,0.1428,362.0
CRGHOLD,1.0,0.6406,0.0,32.0,1.25,0.3984,0.1037,41.0
CRIHOLD,,0.875,0.0,16.0,6.5455,0.527,0.0578,49.0
CROWGMN,,,,,23.6364,0.4073,0.1609,154.0
CRPHOLD,,0.6061,0.1182,55.0,1.0,0.1691,0.0943,246.0
CRYCCTX,,,,,,0.125,0.0,1.0
CSCNWWA,624.2803,0.3976,0.1296,842.0,1318.0458,0.3508,0.1008,415.0
CSDHOLD,,,,,1.3462,0.4284,0.0921,188.0
CSPHOLD,,0.7276,0.0432,81.0,1.6667,0.3513,0.0479,101.0
CULBETX,,,,,1.0,1.0,0.0,5.0
CULPEVA,1.0,1.0,0.0,2.0,1.0,0.5714,0.0,7.0
CUMBEME,9.0268,0.3975,0.0371,774.0,60.4103,0.4744,0.2979,369.0
CURRYNM,,0.0,0.0,1.0,,1.0,0.0,1.0
CVANXCA,,0.0,0.0,1.0,1.0,1.0,0.0,53.0
CVREGVA,1.6076,0.7051,0.3304,114.0,1.0714,0.6667,0.0556,45.0
DAKOTNE,1.3273,0.8055,0.0,290.0,30.5561,0.6212,0.1216,411.0
DALCOTX,7.3491,0.4746,0.0634,816.0,4.9717,0.2172,0.074,406.0
DALHOLD,3.546,0.5442,0.0655,727.0,27.1175,0.2934,0.1171,415.0
DAVIDTN,,,,,,0.5,0.0,2.0
DAVISUT,,,,,5.1722,0.545,0.0969,158.0
DEAPDMI,,0.0,0.0,1.0,,,,
DEKABGA,,1.0,0.0,1.0,,,,
DEKALAL,,,,,,0.0,0.0,2.0
DENHOLD,1.0417,0.5643,0.0758,490.0,2.396,0.3099,0.1113,380.0
DENICDF,878.1437,0.2548,0.0798,842.0,1180.3036,0.2953,0.0731,415.0
DENVECO,,1.0,0.0,5.0,1.0,0.0,0.2,5.0
DEPCOGU,,,,,1.0,0.0,0.6923,26.0
DETHOLD,,0.275,0.4,20.0,5.1364,0.0918,0.3137,115.0
DHDFNJ,1.0,0.8,0.0,5.0,738.1465,0.1294,0.0717,314.0
DILLSAF,,,,,253.291,0.0443,1.0,134.0
DLRHOLD,1.1562,0.7409,0.0516,359.0,1.375,0.4819,0.2633,161.0
DODGEWI,107.2981,0.7516,0.0137,842.0,102.1663,0.6279,0.0062,415.0
DONAANM,,,,,1.0,0.5,0.0,4.0
DORCDSC,1.6014,0.6169,0.0,227.0,3.0303,0.338,0.0,243.0
DOUGLCO,,1.0,0.0,1.0,,0.5,0.0,6.0
DOUGLWI,1.0476,0.5,0.0,34.0,19.3398,0.2277,0.1613,330.0
DRCPCTX,,0.0,0.0,1.0,,,,
DSMHOLD,1.0,0.8165,0.0262,118.0,1.0,0.6333,0.0087,115.0
DULHOLD,,0.6667,0.0,3.0,,,,
DURHOLD,,,,,2.1667,0.4535,0.0439,38.0
DVCSDKY,,,,,34.4065,0.508,0.0203,155.0
DVDHOLD,,0.752,0.0223,292.0,1.3333,0.4981,0.0205,305.0
EAZ,1224.8444,0.1156,0.382,842.0,1350.3157,0.2348,0.4181,415.0
ECC,1.0,0.0,0.0,842.0,1.0,0.0,0.0,385.0
ECLECTX,,,,,,0.5,0.0,2.0
EDNBGTX,,0.0,0.0,1.0,1.0,0.0,0.0,3.0
EDNDCTX,139.5071,0.0706,0.0,842.0,288.5687,0.1673,0.0,415.0
EDNHOLD,5.3333,0.0,0.0,14.0,,,,
EHDLGTX,2.4457,0.9902,0.0136,806.0,8.869,0.8926,0.1091,411.0
ELMORID,3.0506,0.8782,0.0491,626.0,7.2437,0.6391,0.0441,282.0
ELPCOTX,3.0833,0.055,0.0,60.0,1.0,0.5143,0.1429,35.0
ELVDFTX,752.5867,0.0697,0.5264,842.0,854.7398,0.2301,0.3999,415.0
ELZICDF,206.5867,0.1946,0.0824,842.0,294.9735,0.2423,0.0934,415.0
EPC,660.6532,0.4282,0.265,842.0,829.4723,0.3887,0.2673,415.0
EPCDFTX,1.0833,0.2774,0.0444,45.0,1.2124,0.3206,0.3051,165.0
EPCJUVI,,0.0,0.0,1.0,,0.0,0.0,1.0
EPCPCTX,,,,,2.0,0.25,0.7917,4.0
EPSSFTX,,,,,301.3193,0.2674,0.0601,239.0
ERICOPA,1.7083,0.4998,0.0578,173.0,18.0327,0.1835,0.0216,402.0
EROFCB,,,,,1971.3466,0.222,0.1016,251.0
ESSEXMA,,,,,1.0,1.0,0.0,2.0
ESSEXNJ,1.0,0.0,0.0,54.0,1.0,0.9231,0.0769,13.0
ETOWAAL,,0.5,0.5,2.0,81.1796,0.3494,0.1325,373.0
ETWHOLD,,0.4667,0.3333,5.0,1.0,0.0312,0.4792,8.0
EUGHOLD,,0.6949,0.0221,68.0,1.8,0.3383,0.1023,92.0
FAYETKY,1.5149,0.7736,0.0388,562.0,2.6689,0.5113,0.0264,370.0
FAYHOLD,1.5,0.6628,0.0697,61.0,1.0,0.3826,0.0603,47.0
FDLHOLD,1.0,0.6797,0.0628,77.0,2.0,0.4645,0.0545,154.0
FINNEKS,1.5069,0.6405,0.0232,320.0,2.704,0.4621,0.0483,316.0
FIPCAGA,194.5095,0.3413,0.0,842.0,282.4627,0.3011,0.0,415.0
FIPCDGA,,,,,863.1422,0.1833,0.0,218.0
FIPCMGA,514.7078,0.2536,0.0,842.0,685.2723,0.3115,0.0,415.0
FLBAKCI,,,,,767.9421,0.3286,0.0,190.0
FLCHACI,,0.0,1.0,1.0,,,,
FLDADCI,,,,,3.625,1.0,0.0,16.0
FLDSSFS,,,,,1273.7989,0.3748,0.0,174.0
FLGLRFL,1.0,0.3158,0.0526,19.0,34.831,0.0483,0.8245,82.0
FLO,321.4549,0.1843,0.001,842.0,360.2916,0.2649,0.0134,415.0
FLOYDGA,1.2984,0.657,0.2372,267.0,3.6121,0.3152,0.1394,330.0
FMYHOLD,1.0,0.6662,0.0264,339.0,2.2155,0.4037,0.0534,400.0
FNDDUWI,1.0,1.0,0.0,5.0,1.0,0.5,0.0,10.0
FORSYNC,1.0,1.0,0.0,5.0,,,,
FRANKNC,,,,,2.0526,0.3426,0.1728,27.0
FRANKPA,,,,,2.0593,0.366,0.0637,154.0
FRDHOLD,1.0,0.7564,0.0293,91.0,1.0952,0.6337,0.0419,324.0
FREDEMD,,1.0,0.0,1.0,,,,
FREEBMN,38.8646,0.6669,0.0,842.0,75.5807,0.5373,0.0007,415.0
FREESTX,,1.0,0.0,1.0,,,,
FREHOLD,1.1473,0.97,0.0259,842.0,2.5899,0.5608,0.0386,380.0
FRMVLVA,195.4537,0.7395,0.0,842.0,657.2265,0.3859,0.0,415.0
FSAHOLD,,,,,,0.5833,0.0625,16.0
FSF,163.8527,0.277,0.0368,842.0,260.1711,0.433,0.0673,415.0
FULCJIN,,,,,7.3676,0.3419,0.0671,139.0
GADRYJM,1.0,0.3333,0.0,6.0,,,,
GALLAMT,1.5,0.6,0.0,5.0,,,,
GARVIOK,2.0543,0.5672,0.0427,195.0,4.0633,0.2501,0.0208,114.0
GASTNNC,1.1368,0.7383,0.0051,178.0,1.6087,0.3444,0.0102,98.0
GCLECOK,1.0,1.0,0.0,2.0,,0.0,0.0,1.0
GCPFCKS,,0.7059,0.0588,17.0,1.0,0.1944,0.0,6.0
GEAUGOH,39.076,0.4908,0.1222,842.0,29.1277,0.23,0.3133,415.0
GFCORND,1.673,0.4639,0.0231,402.0,15.1863,0.4205,0.079,412.0
GFJUVND,,,,,1.0,1.0,0.0,105.0
GJCHOLD,1.0,0.7222,0.0253,132.0,1.1667,0.5217,0.0844,156.0
GLADEFL,,,,,367.9622,0.2876,0.0,344.0
GLDSACA,261.6342,0.75,0.0,842.0,604.988,0.4526,0.0,415.0
GLEPDCA,,1.0,0.0,1.0,2.9375,0.658,0.2996,52.0
GOODCID,,1.0,0.0,1.0,,,,
GRAYSKY,2.0231,0.8438,0.0241,595.0,119.0411,0.3031,0.8853,415.0
GREENMA,,,,,,0.0,1.0,1.0
GREENMO,,,,,242.4286,0.353,0.1035,385.0
GRFHOLD,,0.583,0.106,117.0,,0.4339,0.0975,103.0
GRIHOLD,,,,,,0.6667,0.3333,3.0
GRMHOLD,,0.7188,0.0938,16.0,1.7222,0.3543,0.0464,249.0
GRRHOLD,,0.8621,0.0252,225.0,,0.5125,0.0601,254.0
GSCHOLD,1.0,0.7143,0.0714,14.0,1.1429,0.5133,0.103,92.0
GTMOACU,,,,,28.0349,0.5854,0.0,320.0
GTMOBCU,,,,,1.0,0.0,0.0,3.0
GTMODCU,,,,,20.6712,0.0748,0.0,227.0
GUDOCHG,5.405,0.9829,0.0,842.0,13.4048,0.4254,0.033,415.0
HAILEID,1.04,0.8309,0.0184,136.0,1.2273,0.5345,0.0,29.0
HALLJGA,1.0,0.5,0.0,6.0,,0.2,0.0833,10.0
HAMILTN,,,,,,0.0,0.0,1.0
HAMILTX,,0.0,0.0,1.0,,,,
HARDEFL,,,,,1.0,0.1538,0.1538,13.0
HARDJIA,,,,,33.5706,0.5926,0.0497,327.0
HARFOCT,,0.5,0.25,4.0,1.0,0.5,0.125,8.0
HARHOLD,1.0556,0.5534,0.1545,350.0,3.3463,0.2995,0.0575,386.0
HARRIMS,,,,,,0.6667,0.0,3.0
HASHENE,12.4111,0.8587,0.0547,434.0,10.3826,0.6342,0.0075,266.0
HASKLTX,1.0059,0.9952,0.0,842.0,1.0,1.0,0.0,326.0
HBGHOLD,,0.8625,0.0,40.0,1.2308,0.6904,0.0336,249.0
HCPSCMS,9.0672,0.38,0.045,821.0,27.3108,0.2068,0.1223,415.0
HELHOLD,,1.0,0.0,2.0,,0.473,0.0,34.0
HENDENC,,1.0,0.0,4.0,1.6667,0.2308,0.0,13.0
HENDENV,64.0523,0.7726,0.1573,842.0,82.1494,0.424,0.2213,415.0
HENDRFL,,0.0,0.0,1.0,1.5,0.4286,0.4286,7.0
HENHOLD,,0.6667,0.0,6.0,1.0,0.1949,0.0385,13.0
HENRIVA,,,,,,1.0,0.0,3.0
HERNAFL,,,,,1.5,0.0,0.0,3.0
HHWHOLD,1.0909,1.0,0.1354,48.0,1.0,0.5625,0.0781,16.0
HICOJFL,,,,,5.5352,0.2866,0.0461,160.0
HIDALNM,,,,,,0.5,0.0,2.0
HIDALTX,,1.0,0.0,2.0,,0.0,0.0,1.0
HLFRJVA,,,,,1.0,0.0,0.0,2.0
HLGHOLD,1.4644,0.5181,0.2727,842.0,5.5759,0.362,0.1771,415.0
HOUHOLD,1.0012,0.8907,0.0655,842.0,2.0027,0.7923,0.1135,386.0
HOUICDF,707.7565,0.0112,0.2835,842.0,828.6651,0.2135,0.3686,415.0
HPKNSKY,,,,,132.2865,0.3699,0.0453,355.0
HRLGNTX,1.0,0.1053,0.0,19.0,,0.0,1.0,1.0
HUDSONJ,1.0,0.5,0.1667,6.0,,0.5,0.0,2.0
IAHSFTX,,,,,,0.0,0.0,3.0
IBPSMIA,,,,,,0.0,0.5,2.0
IFIHOLD,,0.6644,0.0137,73.0,,0.5598,0.0259,90.0
IMPCOCA,,1.0,1.0,1.0,,0.0,0.0,2.0
IMPHOLD,1.0,0.9221,0.0389,244.0,1.5714,0.3586,0.1346,281.0
INDMPIN,,,,,,0.0,1.0,1.0
INMIAMI,,,,,424.0745,0.733,0.0,161.0
INPHOLD,1.0,0.5411,0.0442,583.0,8.3143,0.3913,0.0744,400.0
IRADFCA,592.6983,0.1138,0.0246,842.0,652.5133,0.1668,0.0856,415.0
IRWINGA,,,,,158.1333,0.2998,0.0806,150.0
IWAHOLD,54.288,0.342,0.076,310.0,68.1571,0.2887,0.0919,376.0
JACKSTN,,0.0,0.0,1.0,,,,
JAKHOLD,1.0,0.7054,0.0142,169.0,1.1429,0.3915,0.071,376.0
JAXHOLD,1.4,0.5819,0.0613,137.0,3.2872,0.2788,0.0777,398.0
JCRLYTX,725.9596,0.0629,0.0,842.0,901.0627,0.1895,0.0,415.0
JEFFEID,2.5158,0.8656,0.0052,668.0,6.9233,0.6275,0.0157,414.0
JEFFEIL,,0.75,0.0,4.0,,,,
JENADLA,976.886,0.4678,0.004,842.0,1162.7542,0.3354,0.0003,415.0
JENATLA,258.3919,0.4465,0.0002,842.0,373.5108,0.3385,0.0022,415.0
JHRWLTX,1.7812,0.6697,0.017,98.0,1.7826,0.3636,0.2073,66.0
JKPCCLA,745.057,0.0292,0.0023,842.0,1126.8458,0.1182,0.0,415.0
KANDIMN,96.6473,0.6268,0.1053,842.0,126.0892,0.4426,0.0806,415.0
KANHOLD,,0.3103,0.3359,65.0,3.3701,0.3807,0.1095,264.0
KARNETX,1.7874,0.3345,0.0044,456.0,2.0744,0.8777,0.028,371.0
KCCDCTX,1.0431,0.3968,0.0159,126.0,2.6538,0.3885,0.1026,39.0
KCOJFOK,75.2138,0.5382,0.0326,842.0,134.2241,0.4683,0.0,415.0
KENTOKY,,,,,96.2416,0.4228,0.003,298.0
KERCOCA,,,,,,0.0,0.0,1.0
KFMANTX,,,,,1.0,0.1667,0.0,15.0
KINNETX,1.0,1.0,0.0,48.0,,1.0,0.0,20.0
KNXDFTN,3.6527,0.7499,0.0255,781.0,38.5578,0.4008,0.1677,402.0
KNXHOLD,1.0,0.7662,0.0359,355.0,1.75,0.3745,0.0848,332.0
KODIAAK,,,,,1.0,1.0,0.0,6.0
KRHUBFL,2.72,0.3615,0.132,601.0,2.1739,0.212,0.1252,401.0
KRNRCTX,981.9382,0.0215,0.0791,842.0,1004.306,0.0873,0.3131,415.0
KRO,525.4572,0.6849,0.0,842.0,938.5783,0.4697,0.0001,415.0
KROHOLD,7.0579,0.4378,0.1333,833.0,71.3051,0.3152,0.0614,235.0
LACKAPA,,,,,,0.7,0.1,5.0
LAFAYLA,,,,,5.6557,0.2844,0.0,63.0
LAKCOFL,,,,,1.5182,0.3203,0.0443,145.0
LAPAZAZ,2.2366,0.8855,0.014,470.0,1.9907,0.5986,0.071,283.0
LARCOWY,,1.0,0.0,1.0,4.2788,0.2687,0.039,177.0
LARELKY,,,,,3.663,0.7569,0.0813,319.0
LASALTX,,,,,1.0,0.0,0.0,2.0
LASHOLD,1.0,0.1887,0.7483,151.0,1.0,0.3631,0.0825,84.0
LAWINCI,1313.114,0.1591,0.0,842.0,1562.0723,0.2701,0.0,415.0
LAWRESD,,,,,10.0435,0.1675,0.0,184.0
LBKHOLD,1.0,0.58,0.016,191.0,1.8571,0.2005,0.0536,257.0
LBRTYFL,,,,,1.0,0.3333,0.0,3.0
LEONCFL,,,,,,0.0,0.0,2.0
LEVYCFL,1.0,0.875,0.0938,16.0,1.0,0.0,0.0,8.0
LEXFCKY,,0.4932,0.097,73.0,,0.7024,0.1429,14.0
LEXINSC,2.6414,0.6841,0.0327,723.0,6.2067,0.413,0.2009,415.0
LICEPLA,,,,,175.9526,0.9069,0.0001,190.0
LIMCJTX,1.0,0.8,0.0,5.0,1.0,0.0,0.0,10.0
LIMESTX,42.2639,0.1582,0.0,632.0,148.8747,0.2496,0.0,415.0
LINCOMO,1.915,0.7629,0.0464,474.0,,,,
LINCONE,1.0,0.5116,0.0,43.0,29.4478,0.5764,0.1632,396.0
LINNJIA,13.044,0.873,0.0343,434.0,31.1738,0.5629,0.0849,329.0
LOGANOK,,,,,9.3084,0.2116,0.0828,246.0
LONPDAR,,,,,,0.0,0.0,1.0
LOSCJCA,,,,,1.0,0.0,0.0,3.0
LOSHOLD,1.4786,0.8217,0.1284,767.0,42.238,0.4748,0.1228,411.0
LOUCOVA,,,,,1.2245,0.3148,0.0387,99.0
LOUHOLD,1.0,0.4493,0.1616,46.0,1.5,0.3824,0.1158,178.0
LPAPSAZ,1.0,0.375,0.0,8.0,,0.625,0.0,8.0
LPD77CA,,,,,,0.0,0.0,1.0
LPLCCAZ,1.1281,0.9984,0.0,321.0,,0.5,0.0,2.0
LRAHOLD,,0.6774,0.0524,332.0,1.1613,0.3518,0.1107,373.0
LRDHOLD,3.3333,0.4902,0.1334,242.0,1.0808,0.0871,0.0758,232.0
LRDICDF,267.1235,0.0802,0.8211,842.0,355.9325,0.084,0.9855,415.0
LSFHOLD,,0.5,0.5,2.0,,0.25,0.25,4.0
LSRDCTX,,0.0,0.3333,3.0,203.6178,0.0999,0.012,382.0
LTVHOLD,,0.0,0.5,2.0,,,,
LUBBOTX,1.5745,0.6125,0.0283,259.0,3.7915,0.2684,0.0584,379.0
LVGHOLD,1.0,0.8082,0.0675,416.0,1.5172,0.3768,0.0578,390.0
LYNRJVA,,,,,1.5517,0.6492,0.0,60.0
MADISMS,3.7896,0.7472,0.0174,738.0,11.6169,0.2476,0.1159,409.0
MADISNY,,,,,,0.0,0.0,2.0
MAHONOH,,,,,92.6962,0.1852,0.2986,340.0
MANATFL,1.4151,0.452,0.065,177.0,1.7664,0.2719,0.0608,155.0
MANHOLD,1.0,0.7473,0.0323,124.0,1.2535,0.6255,0.0307,242.0
MARICOR,,,,,,0.0,0.0,1.0
MARIOFL,,,,,1.7183,0.4113,0.0777,181.0
MARIOIN,,,,,70.9282,0.3501,0.0002,367.0
MARTIFL,,,,,5.7277,0.3005,0.4816,229.0
MAVERTX,1.0,0.9153,0.0412,85.0,1.0,0.9091,0.1414,33.0
MCAHOLD,7.6233,0.3036,0.2904,606.0,3.8916,0.256,0.4095,415.0
MCCLETX,2.0193,0.7705,0.0581,351.0,1.8657,0.3519,0.259,117.0
MCHENIL,,1.0,0.0,1.0,,,,
MEDHOLD,,0.9,0.0,10.0,,0.4668,0.0656,26.0
MEMHOLD,2.5,0.542,0.0527,445.0,4.9388,0.2256,0.1069,396.0
MESJACO,,,,,,0.0,0.0,1.0
METROFL,,,,,11.1667,0.2598,0.1067,13.0
MEYTHCT,1.0,0.0,0.0,3.0,,,,
MGAHOLD,,,,,,0.1633,0.0995,35.0
MIAHOLD,,0.5193,0.1908,135.0,18.2189,0.3004,0.1174,389.0
MIDLATX,1.2312,0.6411,0.0501,249.0,1.7636,0.3313,0.1314,252.0
MILHOLD,,0.7653,0.0177,245.0,1.4783,0.5248,0.1197,261.0
MILLRAR,1.4815,0.8007,0.0528,267.0,4.7938,0.4429,0.0529,381.0
MINICID,2.9071,0.9396,0.0112,625.0,3.3894,0.6769,0.0181,245.0
MINNESD,1.2432,0.7746,0.0,71.0,5.2736,0.3174,0.0442,344.0
MLDHOLD,,0.5338,0.0611,354.0,2.4286,0.3503,0.133,326.0
MLJHOLD,1.1692,0.7474,0.0363,581.0,1.4571,0.3705,0.0586,404.0
MNROEMI,1.0,0.0,0.0,2.0,2.5,0.1429,0.0,6.0
MNTGMAL,,1.0,0.0,1.0,,,,
MOAHOLD,1.0,0.4141,0.0321,92.0,1.625,0.2104,0.0732,359.0
MOFFECO,1.2,0.8824,0.0,17.0,,,,
MONMONJ,,,,,,0.0,0.0,1.0
MONROFL,1.0,0.25,0.5,4.0,1.6379,0.2509,0.1527,113.0
MONROMI,46.6801,0.202,0.0,649.0,124.6627,0.1406,0.0,415.0
MONTGAL,1.0,0.0039,0.0,129.0,1.0,0.0,0.0,27.0
MONTGNY,,,,,4.463,0.1877,0.0411,325.0
MONTGTX,1.0,0.8462,0.0,13.0,,0.0,0.0,1.0
MPSIPAN,3.7604,0.9684,0.1438,815.0,15.0916,0.3292,0.1377,415.0
MRCDSTX,,0.0,1.0,1.0,,,,
MRREGVA,,1.0,0.0,3.0,,,,
MSF,1.5845,0.7472,0.0366,378.0,18.7511,0.2988,0.1759,358.0
MSVPCPA,1058.3349,0.6133,0.036,842.0,1523.0723,0.3876,0.0308,415.0
MTGHOLD,9.0922,0.6393,0.0769,842.0,24.4058,0.3817,0.1122,415.0
MTGPCTX,1073.7696,0.607,0.0899,842.0,1177.547,0.4189,0.1631,415.0
MUSCAIA,,,,,20.7602,0.5672,0.0804,342.0
NASSAFL,1.0,0.5,0.3333,24.0,1.0,0.75,0.0,4.0
NASSANY,,0.9259,0.0889,45.0,18.8257,0.2545,0.0001,374.0
NASTRNY,,,,,1.7193,0.3943,0.0757,221.0
NATJVWY,,,,,,0.0,0.0,1.0
NATROWY,1.3077,0.7333,0.042,234.0,14.104,0.2694,0.0454,363.0
NBGHOLD,,0.9415,0.0326,238.0,1.8542,0.4997,0.022,319.0
NEMCCOI,,,,,120.6719,0.5959,0.0,128.0
NEWHOLD,1.0365,0.1145,0.757,404.0,1.0208,0.4472,0.3697,146.0
NIAGANY,,,,,7.7815,0.0438,0.9962,327.0
NLSCOLA,,,,,4.1215,0.2633,0.002,254.0
NNREGVA,1.0,1.0,0.0,2.0,,,,
NOBLEMN,1.0,0.0,0.0,8.0,,,,
NOLHOLD,1.0,0.144,0.4697,81.0,2.1111,0.1033,0.4244,130.0
NORFOVA,,0.0,0.0,1.0,1.0,0.0,0.3333,6.0
NORHOLD,,0.8038,0.0552,172.0,1.3333,0.2992,0.0333,355.0
NRJDCVA,1.92,0.1472,0.0,282.0,3.4988,0.1315,0.0,415.0
NRLKCMI,,,,,1040.9664,0.1537,0.0544,268.0
NRPHOLD,,,,,,0.641,0.1252,5.0
NSVHOLD,,,,,1.2992,0.2359,0.0937,269.0
NVSDCNV,173.2898,0.6189,0.0001,842.0,421.7494,0.5572,0.0001,415.0
NWHNVNC,1.7326,0.7506,0.0112,553.0,3.5879,0.5021,0.0185,390.0
NWRCCMN,1.7519,0.501,0.0616,192.0,11.3545,0.198,0.1521,339.0
NWREGVA,1.2857,0.9062,0.0,16.0,1.2414,0.5674,0.0958,87.0
NYCHOLD,1.7176,0.1823,0.3603,651.0,27.9786,0.2957,0.1523,411.0
NYEPANV,66.8407,0.8773,0.0,767.0,,,,
NYFISHC,,0.0,0.4,5.0,,,,
NYGREAC,,0.0,1.0,1.0,,0.0,0.0,1.0
NYGROVC,,0.0,1.0,2.0,,,,
NYLIVIC,,0.0,0.0,1.0,,1.0,0.5,1.0
NYMARCC,,0.0,0.6667,3.0,,,,
NYMDSTC,,0.0,0.0,2.0,,,,
NYWASHC,,,,,,1.0,1.0,1.0
OAK,,,,,,0.0,1.0,1.0
OAKHOLD,1.0,0.2617,0.2222,27.0,1.1481,0.5464,0.055,88.0
OCIRCCA,,,,,,1.0,1.0,1.0
OGUHOLD,1.0,0.634,0.0456,263.0,2.125,0.6218,0.0311,239.0
OHNORWE,,,,,71.1284,0.1864,0.3935,366.0
OKCHOLD,1.0489,0.7911,0.0177,770.0,3.8987,0.2841,0.0589,389.0
OKCIMMC,,,,,408.0777,0.2814,0.0,373.0
OKDBACK,,,,,553.7536,0.2316,0.2172,69.0
OKMULOK,,0.0,0.0,1.0,,0.3333,0.3333,3.0
OLACCLA,1.0,1.0,0.0,8.0,1.0,0.0,0.0,10.0
OLDHAKY,1.8667,0.7015,0.0209,432.0,104.9561,0.4947,0.0165,413.0
OMAHOLD,1.0,0.8733,0.0419,84.0,6.9828,0.6325,0.0551,218.0
ONSLONC,,,,,2.8095,0.3155,0.0339,59.0
ORANGFL,3.153,0.5434,0.0974,721.0,43.547,0.2696,0.2101,415.0
ORANGNY,68.1971,0.6722,0.0249,842.0,148.8434,0.6076,0.0018,415.0
ORLHOLD,1.45,0.633,0.1246,523.0,4.4592,0.2725,0.1679,413.0
OSCEOFL,,,,,3.641,0.2725,0.0401,405.0
OTERONM,1.0642,0.0,0.0,112.0,,,,
OTRPCNM,724.4311,0.083,0.2077,842.0,885.9494,0.2267,0.1575,415.0
OZARKMO,,,,,16.6393,0.5038,0.0027,325.0
PALMBFL,,1.0,0.0,1.0,1.0577,0.9473,0.0,58.0
PBDPDMA,2.0,1.0,0.0,2.0,,,,
PCKNSAL,21.791,0.6341,0.1284,842.0,44.247,0.3091,0.1202,415.0
PCSHOLD,1.0,0.9659,0.0199,829.0,2.0,0.6923,0.125,181.0
PDNHOLD,,0.5,0.0,2.0,,0.5278,0.0278,1.0
PENNISD,1.1064,0.7225,0.0588,170.0,4.2,0.3002,0.0238,384.0
PHELPMO,,,,,29.479,0.3078,0.1141,357.0
PHELPNE,11.8931,0.8003,0.0284,760.0,29.2048,0.7293,0.0818,415.0
PHIHOLD,1.0448,0.6319,0.0619,484.0,2.6854,0.2238,0.0284,396.0
PHOHOLD,11.1128,0.3004,0.1875,842.0,19.5759,0.3064,0.1194,415.0
PIC,899.6888,0.1267,0.0079,842.0,1169.0988,0.1704,0.0112,415.0
PIERCND,1.3333,0.6111,0.2037,18.0,1.0,0.0,0.0,7.0
PIKCOPA,120.5392,0.5397,0.0,842.0,207.441,0.3809,0.0,415.0
PIMAJAZ,,0.6667,0.3333,3.0,,,,
PINALAZ,,1.0,0.0,1.0,,0.25,0.25,4.0
PINELFL,3.9256,0.5719,0.0443,798.0,26.9082,0.3251,0.1388,415.0
PINEPLA,447.3044,0.3082,0.0,842.0,860.6578,0.3196,0.0002,415.0
PITHOLD,1.0,0.4114,0.1433,126.0,5.0667,0.1922,0.031,330.0
PKEHOLD,1.0,0.711,0.0073,205.0,1.0,0.4584,0.0218,324.0
PLATTMO,,,,,,1.0,0.0,1.0
PLATTWY,1.5724,0.6846,0.0157,424.0,3.0399,0.4865,0.0425,336.0
PLYMOMA,190.7945,0.3856,0.0,842.0,466.4024,0.3127,0.0002,415.0
PMREGVA,,1.0,0.0,1.0,,,,
POLKCTX,662.5713,0.016,0.0,842.0,823.812,0.2818,0.0,415.0
POLKJFL,,,,,11.5,0.0455,0.0,4.0
POLKJIA,25.5523,0.8602,0.0246,842.0,49.7687,0.6554,0.0464,415.0
POMHOLD,1.0,0.2951,0.0694,48.0,1.0,0.3118,0.0233,93.0
POOHOLD,2.1538,0.7561,0.0281,309.0,1.3433,0.4823,0.1395,350.0
POTTAIA,27.0653,0.9365,0.0068,842.0,33.5759,0.7678,0.0603,415.0
POTTRTX,,,,,1.0,0.0,0.2,5.0
PRLDCTX,555.1532,0.5392,0.075,842.0,922.8988,0.3015,0.1127,415.0
PRLHOLD,2.5769,0.5925,0.0422,64.0,14.7,0.3218,0.1627,95.0
PROHOLD,1.0,0.5858,0.1383,117.0,1.0815,0.3873,0.057,362.0
PRUHOLD,,0.8851,0.0785,87.0,3.0,0.6279,0.0623,283.0
PUEBLCO,,1.0,0.0,1.0,,1.0,0.0,1.0
PUEHOLD,4.0,0.9327,0.0127,275.0,1.1698,0.5816,0.033,196.0
PUTMAFL,1.1429,0.7949,0.0385,13.0,,0.0,0.0,1.0
PUTNMTN,,,,,16.5227,0.517,0.0004,324.0
PWILLVA,,1.0,1.0,1.0,,0.3,0.15,10.0
RAADCMN,,,,,,0.0,0.0,1.0
RADDFGA,2.9726,0.6741,0.0,769.0,12.8484,0.6167,0.0053,358.0
RAPPSVA,1.6364,0.7738,0.0,49.0,2.4331,0.3895,0.1071,292.0
RCMHOLD,1.4286,0.8326,0.0067,493.0,3.8444,0.4244,0.034,385.0
RDUHOLD,1.0,0.8714,0.0101,567.0,2.8065,0.5464,0.0615,378.0
REDHOLD,1.0,0.864,0.0088,38.0,1.7451,0.5931,0.0533,155.0
RENHOLD,1.0,0.9521,0.0131,206.0,1.0,0.622,0.05,22.0
RGRNDTX,426.5107,0.1109,0.0,842.0,621.9253,0.1014,0.0002,415.0
RGS,1.0,0.1053,0.6842,19.0,3.0,0.031,0.5762,111.0
RICHOLD,1.0,0.9231,0.0,39.0,,0.6007,0.1346,91.0
RIIHOLD,,0.9978,0.0044,225.0,4.0,0.9929,0.0,164.0
RMKHOLD,,0.7623,0.023,190.0,5.0,0.546,0.003,194.0
RNDLLTX,2.159,0.747,0.0184,439.0,3.2222,0.2995,0.0357,68.0
ROCKIIL,,,,,,1.0,0.0,1.0
ROCKIVA,1.2559,0.9018,0.0254,302.0,2.087,0.7071,0.0715,312.0
RONKEVA,1.4118,0.6304,0.0,127.0,2.2255,0.4445,0.0204,263.0
RPCHOLD,,,,,1.0,0.3284,0.0246,122.0
RSREGVA,,,,,70.6626,0.2471,0.0919,266.0
RSWHOLD,1.25,0.5786,0.0729,142.0,1.6129,0.2015,0.1409,341.0
RVRCCLA,416.1473,0.0222,0.0001,842.0,552.988,0.0864,0.0,415.0
RWCCMLA,640.0594,0.0168,0.7491,842.0,1018.2024,0.1268,0.7009,415.0
SAAHOLD,1.0385,0.8074,0.0879,331.0,43.7273,0.5216,0.1075,349.0
SACHOLD,1.0086,0.9644,0.0118,526.0,2.2462,0.7034,0.0225,369.0
SACITCA,1.0,1.0,0.0,2.0,1.0,0.6,0.2,5.0
SAGHOLD,6.0,0.8928,0.0394,392.0,1.4419,0.5596,0.0678,293.0
SAIHOLD,,0.6,0.2,10.0,,0.0,0.3333,6.0
SAJHOLD,1.1111,0.3181,0.0812,156.0,16.3243,0.4217,0.0718,169.0
SALEMNJ,,,,,1.0,0.0,0.0,17.0
SALHOLD,1.5,0.757,0.0707,280.0,1.7308,0.3911,0.0935,352.0
SALINNE,1.0,1.0,0.0,4.0,7.0,0.7143,0.0,2.0
SARASFL,1.2055,0.4078,0.0763,131.0,1.9677,0.2205,0.0537,333.0
SARPYNE,,,,,16.7226,0.7966,0.0574,310.0
SAUKCWI,,,,,9.7359,0.4219,0.0009,291.0
SAVHOLD,,,,,1.5588,0.1965,0.0288,84.0
SBDHOLD,1.2,0.9011,0.0754,445.0,1.5833,0.4926,0.091,369.0
SBERNCA,,,,,,0.0,0.0,1.0
SCOTTIA,,,,,2.5622,0.9669,0.0012,268.0
SCOTTNE,1.0,1.0,0.0,7.0,1.1053,0.8929,0.0,28.0
SEAHOLD,1.2857,0.6402,0.2168,484.0,2.5276,0.3209,0.225,380.0
SEBASAR,1.5758,0.7667,0.0144,344.0,2.5808,0.5057,0.074,356.0
SENECOH,59.8694,0.7204,0.0656,842.0,57.3349,0.2864,0.0725,415.0
SFDHOLD,,0.4952,0.0143,70.0,10.5,0.3976,0.0547,100.0
SFRHOLD,1.0513,0.8412,0.1949,416.0,7.5263,0.3686,0.1419,275.0
SGUHOLD,,0.8652,0.0848,110.0,1.0,0.5382,0.0647,99.0
SHERBMN,1.9264,0.998,0.0038,830.0,87.4699,0.4295,0.0514,415.0
SIOUXIA,,,,,11.587,0.5446,0.0203,184.0
SJS,5.1413,0.0454,0.0793,842.0,16.9181,0.2013,0.0745,415.0
SJUHOLD,,0.5025,0.0825,322.0,1.25,0.1813,0.1453,200.0
SLCHOLD,1.3421,0.7419,0.068,446.0,6.1268,0.5015,0.0679,388.0
SLRDCAZ,78.5353,0.1371,0.318,836.0,310.9951,0.2217,0.196,411.0
SLSLCUT,4.9682,0.7908,0.0474,811.0,6.1029,0.5307,0.0894,375.0
SMAHOLD,1.0,0.9977,0.0019,174.0,1.0,0.851,0.0275,331.0
SMARYMD,,,,,1.0,1.0,0.0,2.0
SMNOLFL,,,,,1.3081,0.7407,0.0221,381.0
SMRVLTX,,0.0,0.0,1.0,1.0,0.0,0.0,2.0
SNAHOLD,1.7104,0.6523,0.0437,804.0,9.5836,0.2527,0.1475,410.0
SNDHOLD,1.4774,0.1213,0.2901,842.0,9.0744,0.4059,0.1106,415.0
SNJHOLD,,0.0909,0.4848,11.0,,0.0,0.0,1.0
SOBAYCA,1.0,0.0,0.0,49.0,,,,
SPGHOLD,1.1429,0.9062,0.0156,64.0,8.8889,0.2913,0.1471,79.0
SPMHOLD,1.0,0.677,0.1094,474.0,26.5278,0.3686,0.0824,382.0
SPOHOLD,1.0,0.3026,0.0124,313.0,1.2647,0.246,0.0444,210.0
SROSAFL,,,,,,1.0,0.0,1.0
STAHOLD,3.8333,0.1786,0.1897,65.0,1.9655,0.0889,0.5867,60.0
STCDFTX,1466.3349,0.1951,0.005,842.0,1690.3831,0.3348,0.0572,415.0
STCHRLA,,,,,,0.6667,0.0,3.0
STCLAMI,61.2827,0.4111,0.0001,842.0,56.8964,0.3038,0.0,415.0
STDHOLD,4.9091,0.4409,0.0645,31.0,6.8448,0.3033,0.1256,288.0
STFRCTX,1042.2969,0.0032,0.9508,842.0,391.8964,0.0083,0.6667,415.0
STGENMO,,,,,94.3646,0.3165,0.087,373.0
STJONFL,1.1045,0.5093,0.0561,107.0,2.6316,0.1736,0.0303,33.0
STK,1.5,0.9824,0.0046,289.0,2.7568,0.5893,0.0606,334.0
STLHOLD,1.0,0.7047,0.0624,82.0,3.72,0.3502,0.0828,393.0
STLUCFL,,,,,1.9726,0.8263,0.0,82.0
STRAFNH,69.5297,0.5789,0.0932,842.0,128.2361,0.3708,0.1333,415.0
STTAMLA,1.0,1.0,0.0,2.0,,,,
STTCJVI,,0.0,0.0,1.0,,,,
STUHOLD,1.4121,0.2025,0.0108,663.0,2.6601,0.2182,0.0727,414.0
STWRTGA,1371.4786,0.4515,0.1207,842.0,2004.8482,0.3906,0.1334,415.0
SUMMIUT,1.0,1.0,0.0,6.0,1.0,0.3333,0.0,6.0
SUMTEFL,,,,,1.5962,0.2375,0.0673,140.0
SUWANFL,,,,,,0.0,0.0,1.0
SWEETWY,1.5686,0.7435,0.0384,293.0,8.7778,0.5294,0.0614,365.0
SXCHOLD,,0.8043,0.0326,92.0,,0.7,0.0,10.0
SYRHOLD,,,,,1.9615,0.2489,0.0676,215.0
TALHOLD,1.1111,0.6763,0.046,369.0,3.0546,0.3445,0.0351,371.0
TALLAMS,,,,,1.0,0.8421,0.0526,19.0
TAMHOLD,1.1286,0.5772,0.0748,555.0,2.0252,0.3581,0.0938,414.0
TAYLOTX,,,,,1.0,0.3333,0.0,6.0
TBRJLME,,,,,14.8839,0.3938,0.0,337.0
TELLECO,5.1883,0.847,0.0025,270.0,1.0,0.6,0.0,10.0
TFALLID,1.0,1.0,0.0,27.0,,,,
TFIHOLD,1.0,0.9018,0.0179,84.0,3.6667,0.7117,0.0475,100.0
TGKJLFL,,,,,8.8554,0.2031,0.1405,266.0
TGREETX,1.0,0.8667,1.0,15.0,2.7571,0.258,0.1601,324.0
TITUSTX,1.1096,0.952,0.0293,125.0,1.623,0.4541,0.0256,159.0
TNWESDF,,0.25,0.0,2.0,282.6089,0.2007,0.0203,181.0
TOOELUT,1.0,0.8101,0.0823,79.0,8.901,0.5444,0.0928,313.0
TOOLEMT,1.0,0.4167,0.0,12.0,,,,
TOORANM,275.0451,0.0538,0.0001,842.0,433.3855,0.1407,0.0001,415.0
TUCHOLD,1.2424,0.7661,0.0518,628.0,2.9,0.515,0.0669,356.0
TULCOOK,4.1893,0.6783,0.0263,838.0,64.7855,0.2819,0.0834,415.0
TULHOLD,1.0,0.6767,0.0421,356.0,3.7143,0.2922,0.0835,264.0
TXAHOLD,,0.7793,0.0679,108.0,,0.5453,0.0453,197.0
UCBPMCA,,,,,2.5,0.005,0.6408,67.0
UHOSPIN,1.0,0.7,0.0,10.0,1.0,1.0,0.0,12.0
UINTAWY,,,,,21.3741,0.4594,0.0575,279.0
UNIONSD,1.0714,1.0,0.0,19.0,4.5385,0.3509,0.1224,49.0
URSLATX,,,,,146.2222,0.2299,0.1356,90.0
USMWDLA,,0.5,0.5,1.0,,,,
UTAHCUT,,,,,,1.0,0.0,1.0
UVALDTX,1.0,0.8929,0.0952,42.0,1.0,0.8333,0.1,15.0
VALVETX,1.4096,0.9294,0.2649,389.0,3.9343,0.9471,0.2237,342.0
VENHOLD,1.2857,0.9938,0.0168,542.0,6.5,0.7127,0.0581,368.0
VENTUCA,,,,,,1.0,0.0,1.0
VICTOTX,,,,,3.2632,0.235,0.0747,48.0
VIRBEVA,1.0,0.0,0.875,16.0,1.3,0.4474,0.1053,19.0
VPREGVA,,1.0,0.0,1.0,,0.0,0.0,1.0
VRK,,0.0,0.0,1.0,4.8182,0.2318,0.0154,103.0
VTCHTDN,2.363,0.0344,1.0,503.0,5.01,0.0785,1.0,406.0
VTDCORR,,,,,,0.0,1.0,2.0
VTSTALB,5.0564,0.0939,0.002,774.0,10.922,0.1456,0.0011,412.0
VVSHOLD,,0.5311,0.0398,240.0,1.9444,0.352,0.0527,258.0
WAJAIMN,1.2197,0.5864,0.0289,226.0,1.5,0.8833,0.0,15.0
WAKULFL,,,,,1.0,0.0,0.0,4.0
WALTNFL,,,,,,0.5,0.0,2.0
WARDCND,1.0847,0.7841,0.0227,88.0,2.305,0.2804,0.0783,309.0
WASHCUT,5.3333,0.9012,0.0522,204.0,11.4342,0.4925,0.0349,283.0
WASHIAR,3.1024,0.6642,0.0443,610.0,5.6405,0.3596,0.0662,412.0
WASHIMD,,,,,1.0,0.2,0.0,10.0
WASHOLD,1.3243,0.5582,0.048,647.0,9.561,0.2793,0.0559,412.0
WASHONV,10.9287,0.9328,0.028,842.0,30.4819,0.6249,0.0561,415.0
WAUKEWI,1.1364,0.7344,0.2188,32.0,3.9868,0.4246,0.1671,346.0
WCCPBFL,556.88,0.2456,0.1478,842.0,639.4289,0.1649,0.1524,415.0
WCTHOLD,2.2381,0.7195,0.0454,403.0,1.0,0.5304,0.0693,284.0
WEBCOTX,,,,,,0.0,0.0,1.0
WEBDCTX,211.1235,0.246,0.1724,842.0,428.9663,0.1563,0.0337,415.0
WEBERUT,,,,,7.0,0.5365,0.0598,163.0
WESHOLD,,0.8,0.2,5.0,1.0,0.4762,0.0238,21.0
WHITFGA,1.5116,0.6592,0.0473,67.0,,,,
WICHOLD,1.0,0.4167,0.0152,33.0,1.0,0.3214,0.25,14.0
WILSOTX,,,,,3.4,0.1131,0.7143,7.0
WLTSOFL,,,,,21.9487,0.2713,0.0,355.0
WMLNDPA,,,,,,0.0,0.0,1.0
WNTHOLD,,0.6754,0.0673,57.0,2.0,0.3957,0.1486,70.0
WOODBIA,1.1,1.0,0.0,29.0,56.4324,0.5514,0.0895,373.0
WOODFKY,,,,,1.4706,0.8148,0.0556,27.0
WORCEMD,,0.0,0.0,1.0,,0.0,0.0,1.0
WPOHOLD,,0.5556,0.0556,9.0,1.0,0.1789,0.0999,116.0
WVEASTR,1.1944,0.8115,0.1475,61.0,8.1613,0.2002,0.0522,286.0
WVIRGVA,1.4877,0.8116,0.0155,351.0,3.9658,0.5212,0.0338,314.0
WVNCENT,,,,,7.881,0.0218,0.0989,44.0
WVNORTH,1.0312,0.3585,0.0,53.0,22.0423,0.1909,0.0912,348.0
WVPTMAC,,,,,5.1429,0.0996,0.0,17.0
WVSCENT,3.3433,0.962,0.0,780.0,24.5229,0.3202,0.0407,415.0
WVSOUTH,,,,,6.5833,0.0086,0.015,28.0
WVSWEST,,,,,9.8649,0.1196,0.0543,38.0
WVWESTR,,,,,32.381,0.1463,0.1499,64.0
WYATTRI,65.2233,0.2786,0.01,842.0,108.5277,0.4191,0.0151,415.0
YAKHOLD,,0.827,0.0121,131.0,1.1379,0.4546,0.1156,269.0
YELLOMT,1.0588,0.9333,0.0,30.0,,,,
YORCOPA,1.0,0.0,0.0,842.0,1.0,0.0,0.0,264.0
YORCOSC,1.2857,0.8853,0.0,125.0,1.7692,0.5137,0.1233,73.0
YRKHOLD,2.1905,0.7317,0.0241,380.0,1.5,0.3649,0.0301,392.0
YUBAJCA,2.8,1.0,0.0,96.0,,,,
YUMHOLD,1.0,0.7912,0.0238,284.0,1.0,0.6264,0.106,222.0
ZAVCOTX,,1.0,0.0,1.0,,,,
